ThreadID    ,Enter time    ,after connection    ,after query    ,after connection_close    ,database    ,connection_no    
    0,    23:40:07.359533,    23:40:07.388583,    23:40:07.389028,    23:40:07.429767,    new_database,        1
    2,    23:40:07.385272,    23:40:07.391403,    23:40:07.408099,    23:40:07.432129,    world,        3
    3,    23:40:07.385803,    23:40:07.392885,    23:40:07.428816,    23:40:07.498168,    world,        4
    11,    23:40:07.389158,    23:40:07.431266,    23:40:07.497945,    23:40:07.503486,    sports,        1
    27,    23:40:07.431024,    23:40:07.495721,    23:40:07.566188,    23:40:07.648965,    sports,        3
    72,    23:40:07.501593,    23:40:07.503688,    23:40:07.564676,    23:40:08.113574,    sports,        1
    8,    23:40:07.387502,    23:40:07.705189,    23:40:07.824104,    23:40:08.351193,    new_database,        3
    75,    23:40:07.649912,    23:40:08.350978,    23:40:08.446956,    23:40:08.497731,    world,        1
    1,    23:40:07.384620,    23:40:07.389962,    23:40:08.773037,    23:40:09.162315,    sakila,        2
    76,    23:40:07.924315,    23:40:08.447508,    23:40:08.879145,    23:40:09.164146,    sports,        3
    4,    23:40:07.386063,    23:40:07.410064,    23:40:09.013989,    23:40:09.177738,    sakila,        5
    13,    23:40:07.390090,    23:40:08.689374,    23:40:08.883472,    23:40:09.177573,    world,        1
    82,    23:40:08.883561,    23:40:09.173503,    23:40:09.187312,    23:40:09.352228,    world,        3
    86,    23:40:09.052063,    23:40:09.187895,    23:40:09.188385,    23:40:09.354076,    new_database,        1
    7,    23:40:07.387065,    23:40:09.189501,    23:40:09.189726,    23:40:09.357008,    new_database,        5
    23,    23:40:07.429114,    23:40:07.500657,    23:40:09.159417,    23:40:09.358375,    sakila,        4
    35,    23:40:07.435741,    23:40:09.163413,    23:40:09.348261,    23:40:09.377008,    travel_ibibo,        2
    171,    23:40:09.357736,    23:40:09.358242,    23:40:09.358872,    23:40:09.386408,    new_database,        5
    174,    23:40:09.361168,    23:40:09.386544,    23:40:09.386644,    23:40:09.817278,    new_database,        5
    159,    23:40:09.242567,    23:40:09.382102,    23:40:09.422872,    23:40:09.819414,    world,        2
    154,    23:40:09.190445,    23:40:09.376067,    23:40:09.478663,    23:40:09.821102,    northwind,        4
    149,    23:40:09.188069,    23:40:09.353984,    23:40:09.695852,    23:40:09.827997,    travel_ibibo,        3
    150,    23:40:09.188849,    23:40:09.354849,    23:40:09.816575,    23:40:09.903414,    travel_ibibo,        1
    213,    23:40:09.478851,    23:40:09.821924,    23:40:09.865060,    23:40:09.905205,    world,        4
    212,    23:40:09.386796,    23:40:09.819336,    23:40:09.856068,    23:40:09.907046,    sports,        5
    15,    23:40:07.391287,    23:40:09.820308,    23:40:09.903017,    23:40:09.939217,    northwind,        2
    54,    23:40:07.441889,    23:40:09.906773,    23:40:09.937223,    23:40:09.939959,    world,        4
    215,    23:40:09.696997,    23:40:09.875078,    23:40:09.917599,    23:40:09.940230,    world,        3
    218,    23:40:09.817780,    23:40:09.904775,    23:40:09.927086,    23:40:09.951940,    world,        1
    223,    23:40:09.868700,    23:40:09.938794,    23:40:09.952492,    23:40:10.032670,    world,        5
    224,    23:40:09.903304,    23:40:09.939710,    23:40:09.986468,    23:40:10.034367,    northwind,        2
    20,    23:40:07.408293,    23:40:09.940051,    23:40:09.999457,    23:40:10.036350,    world,        4
    45,    23:40:07.439522,    23:40:09.951757,    23:40:10.036078,    23:40:10.041422,    northwind,        3
    235,    23:40:10.036996,    23:40:10.042646,    23:40:10.042832,    23:40:10.046108,    new_database,        3
    65,    23:40:07.444655,    23:40:10.040768,    23:40:12.244159,    23:40:13.215758,    sakila,        4
    252,    23:40:10.042279,    23:40:10.047717,    23:40:12.356909,    23:40:13.216352,    sakila,        3
    227,    23:40:09.939346,    23:40:10.022239,    23:40:13.125309,    23:40:13.218657,    sakila,        1
    230,    23:40:10.022033,    23:40:10.039799,    23:40:13.183748,    23:40:13.218880,    sakila,        2
    52,    23:40:07.441431,    23:40:10.034132,    23:40:13.148332,    23:40:13.219825,    sakila,        5
    167,    23:40:09.352557,    23:40:13.235754,    23:40:13.258101,    23:40:13.262979,    world,        1
    178,    23:40:09.362130,    23:40:13.234802,    23:40:13.320882,    23:40:13.361953,    sports,        3
    124,    23:40:09.171522,    23:40:13.262856,    23:40:13.349157,    23:40:13.364685,    northwind,        5
    164,    23:40:09.351275,    23:40:13.373957,    23:40:13.642118,    23:40:13.673153,    northwind,        5
    169,    23:40:09.353838,    23:40:13.218428,    23:40:13.881752,    23:40:13.894523,    travel_ibibo,        4
    179,    23:40:09.362374,    23:40:13.331040,    23:40:14.025323,    23:40:14.101780,    travel_ibibo,        1
    186,    23:40:09.364192,    23:40:13.994193,    23:40:14.077553,    23:40:14.077710,    sports,        4
    192,    23:40:09.368586,    23:40:14.204093,    23:40:14.252726,    23:40:16.066308,    sports,        1
    163,    23:40:09.350965,    23:40:13.235847,    23:40:15.421102,    23:40:16.082953,    sakila,        2
    187,    23:40:09.368252,    23:40:14.141910,    23:40:15.550094,    23:40:16.084393,    sakila,        4
    168,    23:40:09.353358,    23:40:13.421126,    23:40:16.003773,    23:40:16.086472,    sakila,        3
    12,    23:40:07.389683,    23:40:13.681949,    23:40:16.034773,    23:40:16.087843,    sakila,        5
    197,    23:40:09.369889,    23:40:16.084096,    23:40:16.084581,    23:40:16.108128,    new_database,        2
    206,    23:40:09.372334,    23:40:16.085465,    23:40:16.106167,    23:40:16.139045,    world,        4
    237,    23:40:10.037400,    23:40:16.087646,    23:40:16.087754,    23:40:16.138977,    new_database,        3
    342,    23:40:10.082603,    23:40:16.090171,    23:40:16.135324,    23:40:16.144354,    sports,        5
    328,    23:40:10.078017,    23:40:16.135741,    23:40:16.184639,    23:40:16.187477,    sports,        2
    232,    23:40:10.033493,    23:40:16.140033,    23:40:16.185753,    23:40:16.188041,    new_database,        3
    414,    23:40:10.111381,    23:40:16.185377,    23:40:16.188147,    23:40:16.195871,    new_database,        4
    242,    23:40:10.038485,    23:40:16.195950,    23:40:16.200033,    23:40:16.209381,    new_database,        3
    410,    23:40:10.110263,    23:40:16.195017,    23:40:16.223479,    23:40:16.224643,    world,        2
    249,    23:40:10.041010,    23:40:16.208103,    23:40:16.652664,    23:40:16.921547,    travel_ibibo,        4
    253,    23:40:10.043066,    23:40:16.340361,    23:40:16.490791,    23:40:16.916176,    world,        2
    243,    23:40:10.038669,    23:40:16.186876,    23:40:16.790460,    23:40:16.979268,    travel_ibibo,        5
    435,    23:40:10.118513,    23:40:16.919544,    23:40:17.016205,    23:40:17.570417,    sports,        2
    42,    23:40:07.438718,    23:40:16.963121,    23:40:17.033390,    23:40:17.764467,    world,        4
    267,    23:40:10.058396,    23:40:17.039217,    23:40:17.076273,    23:40:17.801068,    world,        5
    181,    23:40:09.362819,    23:40:16.067856,    23:40:17.681543,    23:40:17.837929,    sakila,        1
    284,    23:40:10.063499,    23:40:16.337589,    23:40:17.762621,    23:40:17.838792,    sakila,        3
    458,    23:40:10.126197,    23:40:17.591054,    23:40:17.733290,    23:40:17.838590,    world,        2
    300,    23:40:10.068788,    23:40:17.894206,    23:40:17.894628,    23:40:17.916497,    new_database,        3
    165,    23:40:09.351844,    23:40:17.802441,    23:40:18.090562,    23:40:18.116283,    northwind,        5
    14,    23:40:07.390584,    23:40:17.765788,    23:40:18.180667,    23:40:18.362003,    travel_ibibo,        4
    321,    23:40:10.075910,    23:40:18.271037,    23:40:18.363701,    23:40:18.408146,    world,        5
    273,    23:40:10.060390,    23:40:17.862437,    23:40:18.441654,    23:40:18.481313,    travel_ibibo,        1
    63,    23:40:07.444270,    23:40:18.405805,    23:40:18.450729,    23:40:18.480555,    world,        4
    470,    23:40:10.130308,    23:40:18.476570,    23:40:18.578206,    23:40:18.582577,    northwind,        5
    332,    23:40:10.079266,    23:40:17.880669,    23:40:18.564920,    23:40:18.582402,    travel_ibibo,        2
    487,    23:40:10.135864,    23:40:18.582060,    23:40:18.582194,    23:40:18.582644,    new_database,        4
    280,    23:40:10.062495,    23:40:18.628496,    23:40:18.632145,    23:40:18.681828,    new_database,        4
    333,    23:40:10.079504,    23:40:18.657419,    23:40:18.695374,    23:40:18.710799,    world,        2
    329,    23:40:10.078494,    23:40:17.920000,    23:40:18.734790,    23:40:18.748919,    travel_ibibo,        3
    202,    23:40:09.371365,    23:40:18.707134,    23:40:18.730407,    23:40:19.590274,    world,        5
    462,    23:40:10.127885,    23:40:18.772519,    23:40:18.944571,    23:40:19.638409,    northwind,        3
    476,    23:40:10.132318,    23:40:18.530576,    23:40:18.938157,    23:40:19.650001,    travel_ibibo,        1
    208,    23:40:09.373191,    23:40:19.651165,    23:40:19.651279,    23:40:19.651510,    new_database,        1
    263,    23:40:10.057313,    23:40:18.709840,    23:40:19.228082,    23:40:19.662677,    travel_ibibo,        4
    479,    23:40:10.133406,    23:40:18.748400,    23:40:19.589274,    23:40:19.664012,    sakila,        2
    50,    23:40:07.440793,    23:40:19.591159,    23:40:19.625794,    23:40:19.668445,    sports,        5
    385,    23:40:10.101927,    23:40:19.652274,    23:40:19.716163,    23:40:19.818587,    sports,        1
    16,    23:40:07.392315,    23:40:19.732367,    23:40:20.119864,    23:40:20.120004,    northwind,        5
    295,    23:40:10.067235,    23:40:19.669306,    23:40:20.506867,    23:40:20.626073,    travel_ibibo,        2
    347,    23:40:10.084515,    23:40:19.662832,    23:40:20.541319,    23:40:20.644305,    travel_ibibo,        4
    440,    23:40:10.119977,    23:40:20.123609,    23:40:20.517598,    23:40:20.634825,    northwind,        5
    352,    23:40:10.088642,    23:40:19.821825,    23:40:20.812886,    23:40:21.195169,    travel_ibibo,        1
    322,    23:40:10.076114,    23:40:20.728548,    23:40:20.761474,    23:40:21.197563,    world,        5
    319,    23:40:10.075019,    23:40:20.627475,    23:40:20.952819,    23:40:21.199622,    travel_ibibo,        2
    290,    23:40:10.065297,    23:40:20.820421,    23:40:20.890413,    23:40:21.199317,    world,        4
    452,    23:40:10.124247,    23:40:19.639576,    23:40:21.182977,    23:40:21.286496,    sakila,        3
    283,    23:40:10.063191,    23:40:21.199399,    23:40:21.222872,    23:40:21.353574,    world,        4
    375,    23:40:10.097858,    23:40:21.197105,    23:40:21.256336,    23:40:21.356094,    sports,        1
    74,    23:40:07.508542,    23:40:21.387706,    23:40:21.493296,    23:40:21.558199,    sports,        1
    291,    23:40:10.065616,    23:40:21.591918,    23:40:21.630626,    23:40:21.928195,    world,        1
    394,    23:40:10.104696,    23:40:21.198625,    23:40:21.756618,    23:40:21.972351,    travel_ibibo,        5
    343,    23:40:10.082863,    23:40:21.223297,    23:40:21.880458,    23:40:21.978475,    travel_ibibo,        2
    317,    23:40:10.074391,    23:40:21.441480,    23:40:21.800790,    23:40:21.972457,    northwind,        4
    70,    23:40:07.500142,    23:40:21.340887,    23:40:21.961116,    23:40:22.048386,    travel_ibibo,        3
    407,    23:40:10.109202,    23:40:21.973989,    23:40:21.991765,    23:40:22.130464,    world,        4
    421,    23:40:10.113503,    23:40:21.994056,    23:40:22.013245,    23:40:22.159980,    new_database,        2
    95,    23:40:09.163742,    23:40:21.973310,    23:40:22.045303,    23:40:22.200135,    sports,        5
    17,    23:40:07.393482,    23:40:22.186797,    23:40:22.228840,    23:40:22.275003,    world,        2
    10,    23:40:07.388361,    23:40:22.200302,    23:40:22.265324,    23:40:22.270739,    sports,        5
    98,    23:40:09.165279,    23:40:22.344804,    23:40:22.373667,    23:40:22.386144,    world,        2
    302,    23:40:10.069445,    23:40:21.961705,    23:40:22.480939,    23:40:22.535179,    travel_ibibo,        1
    21,    23:40:07.408748,    23:40:22.463605,    23:40:22.610248,    23:40:22.614115,    northwind,        2
    120,    23:40:09.170567,    23:40:22.640497,    23:40:22.954537,    23:40:23.212052,    northwind,        2
    341,    23:40:10.082296,    23:40:22.308249,    23:40:23.063487,    23:40:23.286237,    travel_ibibo,        5
    393,    23:40:10.104368,    23:40:22.545407,    23:40:23.228874,    23:40:24.127536,    travel_ibibo,        1
    123,    23:40:09.171351,    23:40:23.287665,    23:40:23.313377,    23:40:24.138561,    world,        5
    437,    23:40:10.119096,    23:40:24.139886,    23:40:24.183308,    23:40:24.191778,    world,        5
    363,    23:40:10.092515,    23:40:24.194040,    23:40:24.514839,    23:40:24.515457,    northwind,        5
    162,    23:40:09.350453,    23:40:24.527571,    23:40:24.541898,    23:40:24.542047,    new_database,        5
    257,    23:40:10.045958,    23:40:22.148530,    23:40:24.595865,    23:40:24.771147,    sakila,        4
    93,    23:40:09.163057,    23:40:24.574764,    23:40:24.809970,    23:40:24.892011,    northwind,        5
    401,    23:40:10.106926,    23:40:24.803157,    23:40:24.874866,    23:40:24.938627,    world,        4
    83,    23:40:08.929291,    23:40:24.924657,    23:40:24.991086,    23:40:25.093144,    sports,        5
    132,    23:40:09.173660,    23:40:25.102321,    23:40:25.122469,    23:40:25.801787,    world,        5
    67,    23:40:07.445141,    23:40:22.096112,    23:40:25.510550,    23:40:26.249375,    sakila,        3
    245,    23:40:10.039105,    23:40:23.221198,    23:40:25.735142,    23:40:26.299570,    sakila,        2
    327,    23:40:10.077655,    23:40:24.940370,    23:40:25.739313,    23:40:26.318641,    travel_ibibo,        4
    402,    23:40:10.107411,    23:40:24.129736,    23:40:26.113271,    23:40:26.339276,    sakila,        1
    325,    23:40:10.077328,    23:40:26.257286,    23:40:26.261682,    23:40:26.398536,    new_database,        3
    176,    23:40:09.361557,    23:40:26.318456,    23:40:26.388382,    23:40:26.407589,    sports,        2
    211,    23:40:09.377642,    23:40:26.321187,    23:40:27.348711,    23:40:27.680580,    travel_ibibo,        4
    330,    23:40:10.078741,    23:40:26.397331,    23:40:27.367980,    23:40:27.682811,    travel_ibibo,        1
    451,    23:40:10.123869,    23:40:26.400268,    23:40:27.324115,    23:40:27.684958,    travel_ibibo,        3
    246,    23:40:10.039386,    23:40:25.824491,    23:40:27.549862,    23:40:27.745055,    sakila,        5
    94,    23:40:09.163212,    23:40:27.681813,    23:40:27.682206,    23:40:27.771103,    new_database,        4
    210,    23:40:09.376863,    23:40:27.684820,    23:40:27.707877,    23:40:27.782176,    world,        1
    366,    23:40:10.093282,    23:40:27.775404,    23:40:27.831103,    23:40:27.883476,    sports,        4
    99,    23:40:09.165534,    23:40:27.770692,    23:40:27.805269,    23:40:27.947547,    world,        5
    85,    23:40:09.014340,    23:40:27.841106,    23:40:27.947295,    23:40:28.112967,    sports,        1
    258,    23:40:10.046765,    23:40:26.416036,    23:40:28.653539,    23:40:29.903883,    sakila,        2
    96,    23:40:09.164288,    23:40:28.155689,    23:40:29.002362,    23:40:29.920402,    travel_ibibo,        1
    443,    23:40:10.120862,    23:40:27.715165,    23:40:29.815547,    23:40:29.969625,    sakila,        3
    78,    23:40:08.343572,    23:40:27.973225,    23:40:29.884414,    23:40:29.970968,    sakila,        5
    172,    23:40:09.358301,    23:40:29.905088,    23:40:29.918530,    23:40:29.972518,    world,        2
    270,    23:40:10.059591,    23:40:27.885289,    23:40:29.735726,    23:40:29.968970,    sakila,        4
    453,    23:40:10.124389,    23:40:29.921422,    23:40:29.962483,    23:40:29.978794,    sports,        1
    390,    23:40:10.103663,    23:40:29.976830,    23:40:30.050676,    23:40:30.060711,    sports,        2
    39,    23:40:07.436675,    23:40:30.060950,    23:40:30.107569,    23:40:30.176151,    sports,        2
    320,    23:40:10.075510,    23:40:29.988301,    23:40:30.267947,    23:40:30.495482,    northwind,        1
    80,    23:40:08.447169,    23:40:30.580021,    23:40:30.687166,    23:40:30.840392,    sports,        1
    262,    23:40:10.056768,    23:40:29.971924,    23:40:30.712746,    23:40:30.856015,    travel_ibibo,        5
    377,    23:40:10.099132,    23:40:30.896084,    23:40:30.917088,    23:40:31.591865,    world,        5
    36,    23:40:07.435972,    23:40:31.629189,    23:40:31.631393,    23:40:32.355672,    new_database,        5
    413,    23:40:10.111103,    23:40:29.969334,    23:40:32.421191,    23:40:32.423348,    sakila,        4
    31,    23:40:07.434613,    23:40:29.969794,    23:40:32.123856,    23:40:32.442668,    sakila,        3
    9,    23:40:07.387837,    23:40:30.292329,    23:40:32.288432,    23:40:32.498358,    sakila,        2
    305,    23:40:10.070316,    23:40:32.431489,    23:40:32.480417,    23:40:32.892474,    sports,        4
    113,    23:40:09.168811,    23:40:32.480728,    23:40:32.523406,    23:40:32.958808,    world,        3
    180,    23:40:09.362689,    23:40:32.514781,    23:40:32.690923,    23:40:32.970665,    northwind,        2
    285,    23:40:10.063870,    23:40:32.390292,    23:40:32.841351,    23:40:32.976444,    travel_ibibo,        5
    157,    23:40:09.227914,    23:40:30.840916,    23:40:32.958443,    23:40:33.032159,    sakila,        1
    360,    23:40:10.091626,    23:40:32.971584,    23:40:32.971704,    23:40:33.037449,    new_database,        2
    225,    23:40:09.904540,    23:40:33.037806,    23:40:33.037906,    23:40:33.038013,    new_database,        2
    412,    23:40:10.110719,    23:40:32.908057,    23:40:32.967747,    23:40:33.077491,    world,        4
    103,    23:40:09.166460,    23:40:32.969185,    23:40:33.029503,    23:40:33.086650,    sports,        3
    137,    23:40:09.175290,    23:40:33.033267,    23:40:33.054398,    23:40:33.097001,    world,        1
    288,    23:40:10.064668,    23:40:33.054908,    23:40:33.086502,    23:40:33.143630,    world,        2
    404,    23:40:10.108134,    23:40:33.158569,    23:40:33.161660,    23:40:33.178525,    new_database,        2
    422,    23:40:10.113749,    23:40:33.088579,    23:40:33.098167,    23:40:33.178067,    new_database,        4
    395,    23:40:10.105180,    23:40:33.127711,    23:40:33.137070,    23:40:33.184858,    new_database,        3
    108,    23:40:09.167439,    23:40:33.178271,    23:40:33.183747,    23:40:33.195490,    new_database,        4
    308,    23:40:10.071239,    23:40:33.194397,    23:40:33.333391,    23:40:33.624107,    sports,        3
    397,    23:40:10.105628,    23:40:33.197764,    23:40:33.331758,    23:40:33.719045,    world,        4
    486,    23:40:10.135661,    23:40:33.180940,    23:40:33.606548,    23:40:34.754784,    travel_ibibo,        2
    474,    23:40:10.131598,    23:40:33.677371,    23:40:34.179921,    23:40:34.779694,    travel_ibibo,        3
    417,    23:40:10.112526,    23:40:33.868170,    23:40:34.495076,    23:40:34.832251,    travel_ibibo,        4
    261,    23:40:10.056525,    23:40:32.977287,    23:40:34.689545,    23:40:34.834303,    sakila,        5
    381,    23:40:10.100860,    23:40:33.139170,    23:40:34.752164,    23:40:34.844047,    sakila,        1
    71,    23:40:07.501233,    23:40:34.756237,    23:40:34.771608,    23:40:34.883492,    world,        2
    46,    23:40:07.439900,    23:40:34.781287,    23:40:34.833533,    23:40:34.937982,    northwind,        3
    141,    23:40:09.175897,    23:40:34.835001,    23:40:34.870582,    23:40:34.973715,    sports,        5
    190,    23:40:09.368024,    23:40:34.887223,    23:40:34.934020,    23:40:35.041452,    sports,        2
    238,    23:40:10.037654,    23:40:34.833963,    23:40:34.945581,    23:40:35.192997,    northwind,        4
    59,    23:40:07.443289,    23:40:34.945941,    23:40:35.094883,    23:40:35.207870,    northwind,        3
    114,    23:40:09.169027,    23:40:35.097060,    23:40:35.099580,    23:40:35.208249,    new_database,        2
    400,    23:40:10.106629,    23:40:35.003992,    23:40:35.192229,    23:40:35.237701,    northwind,        5
    488,    23:40:10.136254,    23:40:35.301914,    23:40:35.378582,    23:40:35.403494,    sports,        2
    293,    23:40:10.066493,    23:40:35.197050,    23:40:35.314360,    23:40:35.453893,    northwind,        4
    345,    23:40:10.083716,    23:40:35.308586,    23:40:35.497456,    23:40:35.588392,    northwind,        5
    244,    23:40:10.038847,    23:40:35.482416,    23:40:35.537093,    23:40:35.602610,    sports,        2
    24,    23:40:07.429488,    23:40:35.550916,    23:40:35.619942,    23:40:35.670196,    world,        4
    265,    23:40:10.057812,    23:40:35.702951,    23:40:35.883570,    23:40:37.024108,    northwind,        4
    386,    23:40:10.102193,    23:40:35.687996,    23:40:36.446285,    23:40:37.027522,    travel_ibibo,        2
    359,    23:40:10.091517,    23:40:34.870911,    23:40:36.696067,    23:40:37.027676,    sakila,        1
    365,    23:40:10.093043,    23:40:35.602495,    23:40:36.818062,    23:40:37.092780,    sakila,        5
    315,    23:40:10.073637,    23:40:35.248085,    23:40:37.015017,    23:40:37.124335,    sakila,        3
    151,    23:40:09.188988,    23:40:37.029737,    23:40:37.060528,    23:40:37.149130,    world,        2
    100,    23:40:09.165810,    23:40:37.024397,    23:40:37.082827,    23:40:37.151546,    northwind,        4
    44,    23:40:07.439360,    23:40:37.061174,    23:40:37.128428,    23:40:37.201001,    northwind,        1
    326,    23:40:10.077272,    23:40:37.151376,    23:40:37.151659,    23:40:37.276664,    new_database,        2
    275,    23:40:10.060864,    23:40:37.133273,    23:40:37.195717,    23:40:37.288118,    sports,        3
    370,    23:40:10.094396,    23:40:37.200481,    23:40:37.255702,    23:40:37.292111,    world,        4
    182,    23:40:09.363131,    23:40:37.292200,    23:40:37.337401,    23:40:37.337611,    world,        4
    429,    23:40:10.116137,    23:40:37.290582,    23:40:37.459131,    23:40:37.509170,    northwind,        2
    482,    23:40:10.134443,    23:40:37.425890,    23:40:37.489277,    23:40:37.541445,    new_database,        3
    217,    23:40:09.775822,    23:40:37.099352,    23:40:37.424993,    23:40:37.509410,    travel_ibibo,        5
    415,    23:40:10.111642,    23:40:37.337796,    23:40:37.397077,    23:40:37.508620,    world,        4
    351,    23:40:10.088400,    23:40:37.256049,    23:40:37.565971,    23:40:37.567852,    travel_ibibo,        1
    313,    23:40:10.073018,    23:40:37.594605,    23:40:37.668638,    23:40:37.689218,    sports,        1
    494,    23:40:10.139047,    23:40:37.591610,    23:40:37.670696,    23:40:37.680796,    world,        3
    469,    23:40:10.129905,    23:40:37.567595,    23:40:37.945974,    23:40:38.315239,    travel_ibibo,        5
    233,    23:40:10.033871,    23:40:37.731403,    23:40:38.110533,    23:40:39.035842,    northwind,        3
    353,    23:40:10.089056,    23:40:37.958211,    23:40:38.223210,    23:40:39.040522,    northwind,        1
    299,    23:40:10.068632,    23:40:38.356011,    23:40:38.432343,    23:40:39.052743,    sports,        5
    148,    23:40:09.187987,    23:40:37.544341,    23:40:38.747928,    23:40:39.053787,    sakila,        4
    195,    23:40:09.369437,    23:40:37.581523,    23:40:39.030314,    23:40:39.055169,    sakila,        2
    423,    23:40:10.114108,    23:40:39.037048,    23:40:39.049904,    23:40:39.056178,    world,        3
    491,    23:40:10.137812,    23:40:39.053583,    23:40:39.053687,    23:40:39.056331,    new_database,        5
    371,    23:40:10.094725,    23:40:39.056256,    23:40:39.056465,    23:40:39.056558,    new_database,        2
    279,    23:40:10.062252,    23:40:39.071146,    23:40:39.093826,    23:40:39.101023,    world,        5
    420,    23:40:10.113159,    23:40:39.094440,    23:40:39.147386,    23:40:39.148847,    sports,        2
    264,    23:40:10.057591,    23:40:39.054665,    23:40:39.394273,    23:40:39.539982,    travel_ibibo,        4
    490,    23:40:10.136801,    23:40:39.052564,    23:40:39.510612,    23:40:39.570026,    travel_ibibo,        1
    121,    23:40:09.170748,    23:40:39.527968,    23:40:39.549247,    23:40:39.570880,    world,        2
    304,    23:40:10.069991,    23:40:39.634494,    23:40:39.710639,    23:40:39.713122,    sports,        1
    281,    23:40:10.062762,    23:40:39.551070,    23:40:39.737390,    23:40:40.020214,    northwind,        4
    475,    23:40:10.131997,    23:40:39.761771,    23:40:40.044990,    23:40:41.281881,    northwind,        1
    117,    23:40:09.169950,    23:40:40.038425,    23:40:40.078289,    23:40:41.284313,    world,        4
    146,    23:40:09.178164,    23:40:39.070100,    23:40:41.029103,    23:40:41.301762,    sakila,        3
    356,    23:40:10.090615,    23:40:39.467100,    23:40:41.114803,    23:40:41.309448,    sakila,        5
    364,    23:40:10.092768,    23:40:41.287306,    23:40:41.287779,    23:40:41.316095,    new_database,        4
    392,    23:40:10.104176,    23:40:39.636780,    23:40:41.275714,    23:40:41.314168,    sakila,        2
    287,    23:40:10.064410,    23:40:41.283269,    23:40:41.297437,    23:40:41.323645,    world,        1
    107,    23:40:09.167244,    23:40:41.313229,    23:40:41.350725,    23:40:41.388812,    sports,        5
    274,    23:40:10.060598,    23:40:41.302867,    23:40:41.412158,    23:40:41.508560,    northwind,        3
    221,    23:40:09.820420,    23:40:41.388540,    23:40:41.412589,    23:40:41.508832,    new_database,        1
    191,    23:40:09.368327,    23:40:41.353582,    23:40:41.487737,    23:40:41.578821,    northwind,        4
    160,    23:40:09.349201,    23:40:41.559057,    23:40:41.663458,    23:40:41.760839,    sports,        3
    101,    23:40:09.166038,    23:40:41.796515,    23:40:41.886383,    23:40:41.894951,    northwind,        3
    220,    23:40:09.819494,    23:40:41.578909,    23:40:41.760558,    23:40:41.886517,    northwind,        4
    374,    23:40:10.095896,    23:40:42.236739,    23:40:42.242073,    23:40:43.029916,    new_database,        3
    48,    23:40:07.440293,    23:40:42.003167,    23:40:42.362232,    23:40:43.302784,    northwind,        4
    203,    23:40:09.371518,    23:40:41.315056,    23:40:42.997006,    23:40:43.313733,    sakila,        2
    248,    23:40:10.040388,    23:40:41.427235,    23:40:42.924668,    23:40:43.313879,    sakila,        5
    193,    23:40:09.368863,    23:40:41.578577,    23:40:43.241441,    23:40:43.315431,    sakila,        1
    498,    23:40:10.140404,    23:40:43.047442,    23:40:43.296552,    23:40:43.323624,    travel_ibibo,        3
    311,    23:40:10.071976,    23:40:43.344667,    23:40:43.362030,    23:40:43.362149,    world,        1
    493,    23:40:10.138911,    23:40:43.345596,    23:40:43.390122,    23:40:43.390249,    world,        3
    324,    23:40:10.076733,    23:40:43.303016,    23:40:43.514001,    23:40:43.535200,    northwind,        4
    289,    23:40:10.065036,    23:40:43.343061,    23:40:43.511909,    23:40:43.540450,    northwind,        2
    116,    23:40:09.169717,    23:40:43.672225,    23:40:43.784404,    23:40:43.884527,    sports,        4
    316,    23:40:10.073922,    23:40:43.395456,    23:40:43.876682,    23:40:43.937502,    travel_ibibo,        1
    196,    23:40:09.370393,    23:40:43.901074,    23:40:44.002890,    23:40:44.703768,    northwind,        4
    292,    23:40:10.066014,    23:40:43.313947,    23:40:44.730197,    23:40:45.877752,    sakila,        5
    188,    23:40:09.367425,    23:40:44.840366,    23:40:45.074968,    23:40:45.880445,    travel_ibibo,        4
    126,    23:40:09.171935,    23:40:43.490042,    23:40:45.498010,    23:40:45.894804,    sakila,        3
    432,    23:40:10.117551,    23:40:43.749639,    23:40:45.483801,    23:40:45.894935,    sakila,        2
    276,    23:40:10.061327,    23:40:44.041538,    23:40:45.869992,    23:40:45.921645,    sakila,        1
    303,    23:40:10.069734,    23:40:45.896056,    23:40:45.957446,    23:40:46.127401,    sports,        3
    143,    23:40:09.176453,    23:40:45.896929,    23:40:46.032979,    23:40:46.234250,    world,        2
    344,    23:40:10.083322,    23:40:46.207025,    23:40:46.300030,    23:40:46.429297,    world,        3
    234,    23:40:10.036232,    23:40:45.880548,    23:40:46.314692,    23:40:46.496803,    travel_ibibo,        4
    336,    23:40:10.080555,    23:40:45.879274,    23:40:46.495812,    23:40:46.504980,    travel_ibibo,        5
    433,    23:40:10.117992,    23:40:46.489148,    23:40:46.534271,    23:40:46.563837,    world,        3
    60,    23:40:07.443438,    23:40:46.052808,    23:40:46.524478,    23:40:46.564295,    travel_ibibo,        1
    348,    23:40:10.084750,    23:40:46.315704,    23:40:46.563635,    23:40:46.564559,    northwind,        2
    236,    23:40:10.037205,    23:40:46.554582,    23:40:46.564384,    23:40:46.565613,    new_database,        5
    340,    23:40:10.082015,    23:40:46.565544,    23:40:46.565715,    23:40:46.565779,    new_database,        3
    471,    23:40:10.130636,    23:40:46.586462,    23:40:46.635263,    23:40:46.702179,    sports,        2
    398,    23:40:10.105927,    23:40:46.587351,    23:40:46.764645,    23:40:47.548739,    northwind,        5
    251,    23:40:10.041864,    23:40:46.585365,    23:40:47.150960,    23:40:47.592706,    travel_ibibo,        1
    207,    23:40:09.372638,    23:40:46.700645,    23:40:47.114548,    23:40:47.595377,    travel_ibibo,        3
    497,    23:40:10.140145,    23:40:47.281012,    23:40:47.541308,    23:40:47.634485,    northwind,        2
    161,    23:40:09.350197,    23:40:46.505332,    23:40:47.548457,    23:40:47.634572,    sakila,        4
    405,    23:40:10.108511,    23:40:47.548853,    23:40:47.586442,    23:40:47.635885,    northwind,        5
    222,    23:40:09.827331,    23:40:47.596292,    23:40:47.608124,    23:40:47.636232,    world,        3
    26,    23:40:07.430562,    23:40:47.593988,    23:40:47.632029,    23:40:47.636106,    sports,        1
    41,    23:40:07.438459,    23:40:47.638947,    23:40:47.639077,    23:40:47.639142,    new_database,        5
    484,    23:40:10.135262,    23:40:47.736437,    23:40:47.856627,    23:40:48.013192,    world,        1
    175,    23:40:09.361254,    23:40:47.969118,    23:40:48.032325,    23:40:48.032478,    world,        5
    139,    23:40:09.175357,    23:40:47.635778,    23:40:47.977356,    23:40:48.018122,    travel_ibibo,        2
    109,    23:40:09.167619,    23:40:47.717462,    23:40:47.844281,    23:40:48.013609,    world,        3
    361,    23:40:10.091852,    23:40:48.066752,    23:40:48.066860,    23:40:48.114581,    new_database,        3
    198,    23:40:09.370116,    23:40:48.068171,    23:40:48.123613,    23:40:48.130966,    world,        5
    277,    23:40:10.061628,    23:40:48.064974,    23:40:48.227395,    23:40:48.227512,    northwind,        1
    130,    23:40:09.172921,    23:40:48.210141,    23:40:48.243868,    23:40:48.267409,    world,        5
    309,    23:40:10.071510,    23:40:48.065872,    23:40:48.803950,    23:40:49.906912,    travel_ibibo,        2
    241,    23:40:10.038243,    23:40:48.202767,    23:40:48.720241,    23:40:49.908387,    travel_ibibo,        3
    250,    23:40:10.041330,    23:40:47.637997,    23:40:49.479714,    23:40:49.911645,    sakila,        4
    55,    23:40:07.442177,    23:40:48.261277,    23:40:49.780979,    23:40:49.930572,    sakila,        1
    355,    23:40:10.089937,    23:40:48.452337,    23:40:49.901411,    23:40:49.964883,    sakila,        5
    314,    23:40:10.073347,    23:40:49.908230,    23:40:49.929422,    23:40:49.965162,    world,        2
    286,    23:40:10.064331,    23:40:49.909280,    23:40:49.962889,    23:40:49.966834,    sports,        3
    485,    23:40:10.135441,    23:40:49.965650,    23:40:50.003476,    23:40:50.008761,    world,        2
    22,    23:40:07.428903,    23:40:49.966678,    23:40:49.983713,    23:40:50.005777,    world,        5
    338,    23:40:10.081211,    23:40:49.985232,    23:40:50.208067,    23:40:50.212774,    northwind,        3
    29,    23:40:07.433665,    23:40:50.015004,    23:40:50.298479,    23:40:50.489358,    northwind,        5
    446,    23:40:10.121822,    23:40:50.564314,    23:40:50.591806,    23:40:50.643779,    new_database,        5
    418,    23:40:10.112371,    23:40:50.438473,    23:40:50.535885,    23:40:50.742234,    world,        3
    472,    23:40:10.131019,    23:40:50.678631,    23:40:50.766895,    23:40:51.309024,    sports,        5
    79,    23:40:08.392976,    23:40:50.878239,    23:40:50.878735,    23:40:51.438724,    new_database,        3
    272,    23:40:10.060084,    23:40:51.310090,    23:40:51.424396,    23:40:51.864802,    sports,        5
    358,    23:40:10.091057,    23:40:50.019105,    23:40:51.577665,    23:40:51.866512,    sakila,        2
    467,    23:40:10.129336,    23:40:51.505058,    23:40:51.565909,    23:40:51.866403,    world,        3
    409,    23:40:10.109926,    23:40:51.877682,    23:40:51.877867,    23:40:51.878017,    new_database,        2
    216,    23:40:09.773719,    23:40:49.911984,    23:40:51.858544,    23:40:51.879774,    sakila,        4
    37,    23:40:07.436193,    23:40:49.931683,    23:40:51.861590,    23:40:51.879907,    sakila,        1
    255,    23:40:10.043871,    23:40:51.876921,    23:40:51.877232,    23:40:51.891400,    new_database,        3
    399,    23:40:10.106345,    23:40:51.879295,    23:40:51.891056,    23:40:51.893512,    world,        2
    219,    23:40:09.818902,    23:40:51.894418,    23:40:51.938485,    23:40:51.942060,    sports,        1
    166,    23:40:09.352280,    23:40:51.891703,    23:40:51.891812,    23:40:51.908644,    new_database,        3
    465,    23:40:10.128759,    23:40:51.893392,    23:40:51.907790,    23:40:51.944443,    world,        4
    158,    23:40:09.241182,    23:40:51.941142,    23:40:52.023457,    23:40:52.132483,    sports,        3
    119,    23:40:09.170355,    23:40:51.994782,    23:40:52.129570,    23:40:52.218800,    new_database,        1
    231,    23:40:10.033250,    23:40:52.130198,    23:40:52.169171,    23:40:52.317305,    new_database,        4
    57,    23:40:07.442668,    23:40:51.908533,    23:40:52.317108,    23:40:52.353094,    travel_ibibo,        2
    425,    23:40:10.114918,    23:40:52.382149,    23:40:52.411979,    23:40:52.415721,    world,        2
    464,    23:40:10.128501,    23:40:52.216829,    23:40:53.051305,    23:40:54.501834,    travel_ibibo,        3
    428,    23:40:10.115759,    23:40:51.866272,    23:40:53.816714,    23:40:54.537349,    sakila,        5
    110,    23:40:09.167981,    23:40:52.432036,    23:40:54.327761,    23:40:54.562140,    sakila,        2
    419,    23:40:10.112912,    23:40:52.337172,    23:40:54.423524,    23:40:54.578322,    sakila,        4
    64,    23:40:07.444508,    23:40:52.310673,    23:40:54.501024,    23:40:54.585977,    sakila,        1
    62,    23:40:07.443946,    23:40:54.502620,    23:40:54.535234,    23:40:54.589303,    sports,        3
    138,    23:40:09.175027,    23:40:54.568492,    23:40:54.579040,    23:40:54.589744,    new_database,        2
    19,    23:40:07.394359,    23:40:54.538407,    23:40:54.587929,    23:40:54.589921,    northwind,        5
    214,    23:40:09.566309,    23:40:54.590710,    23:40:54.590843,    23:40:54.590907,    new_database,        2
    406,    23:40:10.108837,    23:40:54.582004,    23:40:54.588779,    23:40:54.603861,    new_database,        4
    33,    23:40:07.435222,    23:40:54.590621,    23:40:54.610683,    23:40:54.692392,    world,        3
    438,    23:40:10.119498,    23:40:54.642484,    23:40:54.676758,    23:40:54.749929,    world,        4
    5,    23:40:07.386536,    23:40:54.589174,    23:40:54.715527,    23:40:54.751365,    northwind,        1
    461,    23:40:10.127536,    23:40:54.604299,    23:40:54.702058,    23:40:54.751308,    northwind,        5
    411,    23:40:10.110384,    23:40:54.625635,    23:40:54.749731,    23:40:54.767340,    northwind,        2
    331,    23:40:10.078973,    23:40:54.767487,    23:40:54.859799,    23:40:54.939743,    northwind,        1
    372,    23:40:10.094983,    23:40:54.842994,    23:40:54.897217,    23:40:54.939289,    world,        2
    226,    23:40:09.937850,    23:40:54.751233,    23:40:55.964885,    23:40:56.016771,    travel_ibibo,        4
    369,    23:40:10.094259,    23:40:54.732655,    23:40:55.611454,    23:40:56.255304,    travel_ibibo,        3
    382,    23:40:10.101099,    23:40:54.965706,    23:40:55.941146,    23:40:56.263737,    travel_ibibo,        2
    199,    23:40:09.370341,    23:40:56.014507,    23:40:56.027873,    23:40:56.263627,    new_database,        4
    239,    23:40:10.037847,    23:40:56.261087,    23:40:56.285600,    23:40:56.305620,    world,        3
    229,    23:40:09.997140,    23:40:56.305440,    23:40:56.364447,    23:40:56.424525,    sports,        4
    68,    23:40:07.445913,    23:40:56.328751,    23:40:56.554786,    23:40:56.581452,    northwind,        2
    204,    23:40:09.371758,    23:40:56.450806,    23:40:57.065115,    23:40:57.099939,    travel_ibibo,        4
    430,    23:40:10.116667,    23:40:54.767156,    23:40:57.136311,    23:40:57.586981,    sakila,        5
    247,    23:40:10.039644,    23:40:55.039100,    23:40:57.212483,    23:40:57.611066,    sakila,        1
    153,    23:40:09.189969,    23:40:57.218150,    23:40:57.270678,    23:40:57.649563,    world,        4
    480,    23:40:10.133861,    23:40:57.652060,    23:40:57.652188,    23:40:57.652257,    new_database,        4
    66,    23:40:07.444898,    23:40:57.652446,    23:40:57.652520,    23:40:57.652575,    new_database,        4
    455,    23:40:10.125003,    23:40:56.382066,    23:40:57.332338,    23:40:57.713545,    travel_ibibo,        3
    387,    23:40:10.102492,    23:40:57.637034,    23:40:57.687720,    23:40:57.787445,    sports,        1
    53,    23:40:07.441647,    23:40:57.702436,    23:40:57.745526,    23:40:57.796311,    sports,        4
    91,    23:40:09.161969,    23:40:57.717057,    23:40:57.717232,    23:40:57.796154,    new_database,        3
    378,    23:40:10.099545,    23:40:57.792556,    23:40:57.838697,    23:40:57.958045,    sports,        1
    269,    23:40:10.059218,    23:40:57.890517,    23:40:57.890642,    23:40:58.055534,    new_database,        4
    156,    23:40:09.191217,    23:40:56.748307,    23:40:58.026590,    23:40:58.350250,    sakila,        2
    84,    23:40:08.993986,    23:40:58.005561,    23:40:58.069043,    23:40:58.438399,    northwind,        1
    449,    23:40:10.123255,    23:40:58.262039,    23:40:58.391179,    23:40:58.662545,    world,        4
    307,    23:40:10.070950,    23:40:57.840260,    23:40:59.411529,    23:40:59.422642,    sakila,        3
    350,    23:40:10.087830,    23:40:58.454826,    23:40:58.853096,    23:40:59.566711,    travel_ibibo,        1
    136,    23:40:09.174736,    23:40:58.697427,    23:40:58.987751,    23:40:59.566971,    northwind,        4
    131,    23:40:09.173140,    23:40:57.587109,    23:40:59.507086,    23:40:59.644890,    sakila,        5
    388,    23:40:10.102796,    23:40:59.424774,    23:40:59.492911,    23:40:59.651213,    sports,        3
    463,    23:40:10.128182,    23:40:59.567104,    23:40:59.745603,    23:40:59.758951,    northwind,        4
    444,    23:40:10.121154,    23:40:59.638062,    23:40:59.716765,    23:40:59.758807,    sports,        3
    77,    23:40:08.113052,    23:40:59.717166,    23:40:59.736368,    23:41:00.031508,    new_database,        5
    448,    23:40:10.122624,    23:40:59.885840,    23:40:59.894237,    23:41:00.259526,    new_database,        3
    155,    23:40:09.190904,    23:40:59.932047,    23:41:00.201608,    23:41:00.297345,    travel_ibibo,        4
    40,    23:40:07.436890,    23:41:00.262681,    23:41:00.322453,    23:41:00.461507,    world,        3
    396,    23:40:10.105417,    23:40:58.364883,    23:41:00.428666,    23:41:00.808393,    sakila,        2
    318,    23:40:10.074576,    23:41:00.494923,    23:41:00.638745,    23:41:00.914784,    sports,        3
    47,    23:40:07.440082,    23:41:00.297479,    23:41:01.047740,    23:41:01.221643,    travel_ibibo,        4
    49,    23:40:07.440560,    23:41:01.269313,    23:41:01.307037,    23:41:01.426575,    world,        4
    282,    23:40:10.063006,    23:41:00.876977,    23:41:01.363549,    23:41:01.427510,    travel_ibibo,        2
    294,    23:40:10.066772,    23:41:01.431627,    23:41:01.515105,    23:41:01.515399,    sports,        2
    362,    23:40:10.092067,    23:40:59.586221,    23:41:01.387589,    23:41:01.430127,    sakila,        1
    240,    23:40:10.038047,    23:41:01.442723,    23:41:01.468084,    23:41:01.532905,    world,        1
    56,    23:40:07.442443,    23:41:01.515578,    23:41:01.571391,    23:41:01.646984,    sports,        2
    112,    23:40:09.168546,    23:41:01.669272,    23:41:01.770040,    23:41:01.835802,    sports,        2
    135,    23:40:09.174502,    23:41:01.429659,    23:41:01.830203,    23:41:01.852378,    northwind,        4
    88,    23:40:09.160401,    23:41:01.638067,    23:41:01.870054,    23:41:01.921027,    northwind,        1
    173,    23:40:09.359113,    23:41:01.919220,    23:41:01.957811,    23:41:01.984746,    world,        4
    408,    23:40:10.109572,    23:41:02.035452,    23:41:02.258309,    23:41:02.432981,    sports,        4
    87,    23:40:09.159591,    23:41:01.922215,    23:41:02.404462,    23:41:02.606332,    travel_ibibo,        1
    228,    23:40:09.977880,    23:41:02.655702,    23:41:02.664535,    23:41:02.664836,    new_database,        1
    183,    23:40:09.363248,    23:41:01.911233,    23:41:02.655332,    23:41:02.664700,    travel_ibibo,        2
    495,    23:40:10.139454,    23:41:02.453383,    23:41:02.515145,    23:41:02.667562,    sports,        4
    102,    23:40:09.166241,    23:41:00.078500,    23:41:02.708330,    23:41:02.731178,    sakila,        5
    297,    23:40:10.067753,    23:41:02.732275,    23:41:03.756021,    23:41:03.757070,    travel_ibibo,        5
    200,    23:40:09.370658,    23:41:02.718198,    23:41:03.492639,    23:41:03.758994,    travel_ibibo,        4
    337,    23:40:10.080880,    23:41:02.717044,    23:41:03.661893,    23:41:03.795147,    travel_ibibo,        1
    424,    23:40:10.114428,    23:41:02.685756,    23:41:03.684009,    23:41:03.803741,    travel_ibibo,        2
    147,    23:40:09.187444,    23:41:00.918712,    23:41:03.747949,    23:41:03.804737,    sakila,        3
    481,    23:40:10.134134,    23:41:03.759775,    23:41:03.786887,    23:41:03.805423,    world,        4
    266,    23:40:10.058062,    23:41:03.757921,    23:41:03.824378,    23:41:03.824553,    northwind,        5
    122,    23:40:09.171106,    23:41:03.845882,    23:41:03.926090,    23:41:03.974626,    sports,        5
    441,    23:40:10.120275,    23:41:04.069069,    23:41:04.201090,    23:41:04.312096,    new_database,        5
    134,    23:40:09.174194,    23:41:03.797089,    23:41:04.482203,    23:41:04.579591,    travel_ibibo,        1
    379,    23:40:10.100274,    23:41:04.597630,    23:41:04.728650,    23:41:04.757786,    sports,        1
    129,    23:40:09.172664,    23:41:04.934380,    23:41:05.305952,    23:41:06.300547,    northwind,        1
    260,    23:40:10.056005,    23:41:03.804866,    23:41:06.132616,    23:41:06.303298,    sakila,        3
    466,    23:40:10.129056,    23:41:03.806324,    23:41:06.128796,    23:41:06.303465,    sakila,        4
    140,    23:40:09.175596,    23:41:03.804595,    23:41:06.299510,    23:41:06.305975,    sakila,        2
    489,    23:40:10.136537,    23:41:06.301946,    23:41:06.302165,    23:41:06.306139,    new_database,        1
    357,    23:40:10.090738,    23:41:04.427898,    23:41:06.237825,    23:41:06.305662,    sakila,        5
    454,    23:40:10.124751,    23:41:06.304747,    23:41:06.339183,    23:41:06.532465,    sports,        3
    450,    23:40:10.123639,    23:41:06.357323,    23:41:06.415536,    23:41:06.552455,    northwind,        1
    256,    23:40:10.044143,    23:41:06.340214,    23:41:06.397107,    23:41:06.534513,    world,        5
    354,    23:40:10.089518,    23:41:06.605644,    23:41:06.605755,    23:41:06.605827,    new_database,        1
    339,    23:40:10.081637,    23:41:06.355986,    23:41:06.534396,    23:41:06.608978,    northwind,        2
    30,    23:40:07.434302,    23:41:06.305488,    23:41:06.604147,    23:41:06.622165,    travel_ibibo,        4
    496,    23:40:10.139746,    23:41:06.601171,    23:41:06.619159,    23:41:06.864095,    world,        5
    477,    23:40:10.132633,    23:41:06.821384,    23:41:06.888031,    23:41:06.896051,    new_database,        4
    468,    23:40:10.129697,    23:41:06.606819,    23:41:06.895779,    23:41:06.900408,    northwind,        1
    434,    23:40:10.118439,    23:41:06.619281,    23:41:06.863602,    23:41:06.896201,    northwind,        2
    346,    23:40:10.084072,    23:41:06.585057,    23:41:06.900230,    23:41:06.900557,    travel_ibibo,        3
    368,    23:40:10.094001,    23:41:06.913818,    23:41:06.914017,    23:41:06.914125,    new_database,        4
    310,    23:40:10.071715,    23:41:06.940015,    23:41:06.940183,    23:41:06.940320,    new_database,        4
    89,    23:40:09.161058,    23:41:06.939815,    23:41:06.951329,    23:41:06.953941,    world,        2
    51,    23:40:07.441018,    23:41:06.956067,    23:41:06.956165,    23:41:06.956224,    new_database,        4
    499,    23:40:10.140687,    23:41:06.975170,    23:41:07.045503,    23:41:07.133121,    sports,        4
    478,    23:40:10.132907,    23:41:06.939906,    23:41:07.442245,    23:41:08.225778,    travel_ibibo,        3
    185,    23:40:09.363692,    23:41:07.426203,    23:41:07.442998,    23:41:08.236603,    new_database,        4
    25,    23:40:07.430307,    23:41:06.964454,    23:41:07.743550,    23:41:08.248122,    travel_ibibo,        2
    201,    23:40:09.371095,    23:41:06.939097,    23:41:08.200511,    23:41:08.319006,    sakila,        5
    439,    23:40:10.119726,    23:41:08.243889,    23:41:08.248596,    23:41:08.320633,    new_database,        4
    301,    23:40:10.069091,    23:41:08.275584,    23:41:08.321844,    23:41:08.393275,    new_database,        2
    127,    23:40:09.172182,    23:41:08.321639,    23:41:08.327626,    23:41:08.405087,    new_database,        4
    28,    23:40:07.431396,    23:41:08.381963,    23:41:08.404831,    23:41:08.405308,    new_database,        5
    142,    23:40:09.176165,    23:41:08.236110,    23:41:08.407892,    23:41:08.408056,    northwind,        3
    460,    23:40:10.127219,    23:41:08.420894,    23:41:08.422983,    23:41:08.426884,    new_database,        4
    426,    23:40:10.115336,    23:41:08.443614,    23:41:08.454846,    23:41:08.552300,    new_database,        5
    323,    23:40:10.076438,    23:41:08.404741,    23:41:08.551787,    23:41:08.578648,    northwind,        2
    106,    23:40:09.167050,    23:41:08.588304,    23:41:08.588520,    23:41:08.588603,    new_database,        2
    69,    23:40:07.446329,    23:41:08.553578,    23:41:08.589520,    23:41:08.612393,    world,        5
    442,    23:40:10.120572,    23:41:08.422586,    23:41:08.612254,    23:41:08.854404,    northwind,        3
    254,    23:40:10.043716,    23:41:08.603402,    23:41:08.612548,    23:41:08.946953,    new_database,        2
    34,    23:40:07.435446,    23:41:08.551980,    23:41:08.792727,    23:41:08.947971,    travel_ibibo,        4
    58,    23:40:07.442941,    23:41:08.803148,    23:41:08.946366,    23:41:09.126963,    sports,        5
    184,    23:40:09.363466,    23:41:06.953629,    23:41:08.945036,    23:41:09.173051,    sakila,        1
    296,    23:40:10.067396,    23:41:08.947877,    23:41:08.988753,    23:41:09.209903,    northwind,        2
    349,    23:40:10.087485,    23:41:08.948627,    23:41:09.120187,    23:41:09.210841,    northwind,        4
    209,    23:40:09.376382,    23:41:08.946819,    23:41:09.171611,    23:41:09.212059,    travel_ibibo,        3
    427,    23:40:10.115644,    23:41:09.172811,    23:41:09.185862,    23:41:09.212905,    world,        5
    18,    23:40:07.394035,    23:41:09.173799,    23:41:09.209402,    23:41:09.213188,    sports,        1
    334,    23:40:10.079958,    23:41:09.212697,    23:41:09.212799,    23:41:09.213382,    new_database,        3
    32,    23:40:07.434867,    23:41:09.211461,    23:41:09.211573,    23:41:09.213330,    new_database,        4
    268,    23:40:10.058650,    23:41:09.214923,    23:41:09.215001,    23:41:09.215050,    new_database,        4
    436,    23:40:10.118713,    23:41:09.213113,    23:41:09.229172,    23:41:09.229279,    world,        5
    457,    23:40:10.125889,    23:41:09.210737,    23:41:09.254743,    23:41:09.367178,    sports,        2
    306,    23:40:10.070676,    23:41:09.217113,    23:41:09.278445,    23:41:09.482245,    sports,        1
    152,    23:40:09.189383,    23:41:09.278716,    23:41:09.310568,    23:41:09.483115,    sports,        3
    73,    23:40:07.508367,    23:41:09.286763,    23:41:09.310963,    23:41:09.532283,    new_database,        5
    128,    23:40:09.172462,    23:41:09.279900,    23:41:09.481676,    23:41:09.685691,    travel_ibibo,        4
    383,    23:40:10.101372,    23:41:09.532047,    23:41:09.582108,    23:41:09.687673,    new_database,        3
    278,    23:40:10.061954,    23:41:09.481884,    23:41:09.540372,    23:41:09.687381,    northwind,        2
    6,    23:40:07.386766,    23:41:09.483021,    23:41:09.684488,    23:41:09.688000,    travel_ibibo,        1
    81,    23:40:08.550237,    23:41:09.686950,    23:41:09.687135,    23:41:09.688055,    new_database,        4
    456,    23:40:10.125440,    23:41:09.759362,    23:41:09.759888,    23:41:09.790102,    new_database,        4
    104,    23:40:09.166674,    23:41:09.687565,    23:41:09.758669,    23:41:09.791960,    northwind,        2
    431,    23:40:10.116991,    23:41:09.840321,    23:41:10.033426,    23:41:10.033568,    world,        4
    492,    23:40:10.138071,    23:41:09.871045,    23:41:10.251686,    23:41:10.836086,    sports,        2
    170,    23:40:09.354145,    23:41:10.209256,    23:41:10.409427,    23:41:11.015528,    northwind,        4
    189,    23:40:09.367770,    23:41:09.759268,    23:41:10.823377,    23:41:11.377920,    sakila,        3
    92,    23:40:09.162918,    23:41:11.059969,    23:41:11.284839,    23:41:11.650435,    travel_ibibo,        4
    144,    23:40:09.176687,    23:41:09.685512,    23:41:11.377244,    23:41:12.091362,    sakila,        5
    38,    23:40:07.436421,    23:41:11.403207,    23:41:11.600153,    23:41:12.091955,    new_database,        3
    376,    23:40:10.098572,    23:41:10.997006,    23:41:12.011574,    23:41:12.317126,    sakila,        2
    111,    23:40:09.168309,    23:41:09.760982,    23:41:12.091032,    23:41:12.321169,    sakila,        1
    380,    23:40:10.100640,    23:41:12.091227,    23:41:12.135812,    23:41:12.550724,    northwind,        4
    335,    23:40:10.080178,    23:41:12.092965,    23:41:12.284666,    23:41:12.684241,    travel_ibibo,        3
    459,    23:40:10.126586,    23:41:12.525387,    23:41:12.574993,    23:41:12.771016,    sports,        1
    271,    23:40:10.059837,    23:41:12.474815,    23:41:12.684107,    23:41:12.798158,    sports,        2
    445,    23:40:10.121527,    23:41:12.715060,    23:41:12.764083,    23:41:12.916985,    world,        4
    416,    23:40:10.111900,    23:41:12.753837,    23:41:12.912577,    23:41:12.946038,    northwind,        3
    312,    23:40:10.072651,    23:41:12.091468,    23:41:12.914862,    23:41:12.938972,    sakila,        5
    447,    23:40:10.122151,    23:41:12.916102,    23:41:12.971400,    23:41:13.021859,    northwind,        2
    205,    23:40:09.372029,    23:41:12.915339,    23:41:12.999957,    23:41:13.022258,    northwind,        1
    115,    23:40:09.169293,    23:41:12.918022,    23:41:13.034665,    23:41:13.055812,    northwind,        4
    118,    23:40:09.170240,    23:41:12.971536,    23:41:13.070604,    23:41:13.498014,    northwind,        3
    90,    23:40:09.161402,    23:41:13.153953,    23:41:13.236525,    23:41:13.576493,    world,        2
    259,    23:40:10.047513,    23:41:13.500614,    23:41:13.615873,    23:41:13.616100,    sports,        3
    61,    23:40:07.443716,    23:41:12.971620,    23:41:13.670257,    23:41:13.884050,    sakila,        5
    43,    23:40:07.438960,    23:41:13.798026,    23:41:14.429759,    23:41:14.481589,    travel_ibibo,        3
    145,    23:40:09.177220,    23:41:14.074043,    23:41:15.173329,    23:41:15.334157,    travel_ibibo,        5
    391,    23:40:10.103808,    23:41:13.236764,    23:41:15.430043,    23:41:15.430248,    sakila,        1
    483,    23:40:10.134780,    23:41:13.328966,    23:41:15.624961,    23:41:15.625142,    sakila,        4
    97,    23:40:09.165048,    23:41:13.577618,    23:41:15.965291,    23:41:16.019061,    sakila,        2
    298,    23:40:10.068138,    23:41:15.515250,    23:41:16.358628,    23:41:16.616006,    world,        5
    105,    23:40:09.166858,    23:41:17.183971,    23:41:17.435718,    23:41:17.537091,    travel_ibibo,        5
    367,    23:40:10.093620,    23:41:15.456040,    23:41:17.216916,    23:41:17.537239,    sakila,        1
    133,    23:40:09.173912,    23:41:14.901247,    23:41:17.732761,    23:41:17.876584,    sakila,        3
    194,    23:40:09.369304,    23:41:17.876359,    23:41:17.876461,    23:41:17.876526,    new_database,        1
    384,    23:40:10.101789,    23:41:16.020059,    23:41:17.827649,    23:41:17.890756,    sakila,        2
    403,    23:40:10.107605,    23:41:15.714007,    23:41:17.875833,    23:41:17.890841,    sakila,        4
    473,    23:40:10.131300,    23:41:17.891077,    23:41:17.891408,    23:41:17.892179,    new_database,        1
    389,    23:40:10.103109,    23:41:17.827904,    23:41:17.890596,    23:41:17.892102,    world,        5
    125,    23:40:09.171726,    23:41:17.892035,    23:41:17.903144,    23:41:17.903267,    world,        3
    177,    23:40:09.361823,    23:41:17.904029,    23:41:17.938427,    23:41:17.938878,    northwind,        2
    373,    23:40:10.095668,    23:41:17.938774,    23:41:17.970775,    23:41:17.970896,    sports,        4
